window_id,strategy1_fixed_ic,strategy2_dynamic_ic,strategy3_dynamic_fitness
0,7.812061504420927,7.812061504420927,7.812061504420927
1,-0.1794931706115873,-0.1407399236925665,-0.1407399236925665
2,-2.539799380738547,-3.915774362256716,-3.915774362256716
3,0.0,0.0,2.664153166042992
4,-2.7414292292769695,0.281823582831008,0.281823582831008
5,0.0,0.0,0.0
6,0.0,0.0,0.0
7,0.0,0.0,0.0
8,0.0,0.0,0.0
9,0.0,0.0,0.0
10,0.0,0.0,0.0
11,0.0,0.0,0.0
12,0.0,5.251511782724253,5.251511782724253
13,-0.244882180228907,-0.244882180228907,-0.8368183994400186
14,6.627390884499458,3.647041618112998,3.647041618112998
15,-0.19472982126914137,-0.19472982126914137,-0.19472982126914137
16,-8.40159077236214,-0.03563050207238598,-0.03563050207238598
17,0.0,0.0,0.0
18,7.000896776403589,10.568151398463447,10.568151398463447
19,1.3310713312052997,1.3310713312052997,1.3310713312052997
20,1.0351996871835898,3.0260535586342048,3.0260535586342048
21,-0.13135576008407318,-0.0614763668412227,-0.0614763668412227
22,0.826050967815941,0.826050967815941,0.826050967815941
23,3.3060980729578766,-0.06225121397392931,-0.06225121397392931
24,-3.4477791013019408,-3.4477791013019408,-3.4477791013019408
25,0.0,0.0,0.0
26,0.0,0.0,0.0
27,-6.541279493586019,0.0,-6.541279493586019
28,0.0,0.0,0.0
29,0.0,0.0,0.0
30,0.1284475784756333,0.1284475784756333,0.1284475784756333
31,0.4802424750497566,0.4802424750497566,0.4802424750497566
32,1.736660808184454,1.736660808184454,1.736660808184454
33,-0.07488749821531095,-11.941621957621608,-11.941621957621608
34,0.0,0.0,0.0
35,0.0,0.0,0.0
36,0.0,0.0,0.0
37,0.0,0.0,0.0
38,-5.796636264271031,-4.405122422772078,-5.796636264271031
39,0.0,0.0,0.0
40,0.0,0.0,0.0
41,6.13897711165753,5.377301220163196,5.377301220163196
42,-0.21084085687466309,-0.21084085687466309,-0.21084085687466309
43,-0.15363638639759086,-0.15363638639759086,-0.15363638639759086
44,-0.6945396665701683,-0.35328514870323074,-0.6945396665701683
45,-6.125658763807583,-6.125658763807583,-6.125658763807583
46,0.0,0.0,0.0
47,0.0,0.0,0.0
48,0.0,0.0,0.0
49,-3.011891473477389,-3.011891473477389,-3.011891473477389
50,-2.7184901114453877,-2.7184901114453877,-2.7184901114453877
51,0.0,0.0,0.0
52,-7.071943647715985,-0.14257707720006252,-0.14257707720006252
53,0.0,0.0,0.0
54,0.0,0.0,0.0
55,-1.0050577384630106,-1.0050577384630106,-1.0050577384630106
56,0.0396866419735058,4.246721511289812,4.246721511289812
57,-6.752724626975792,-6.752724626975792,-6.752724626975792
58,0.0,0.0,0.0
59,0.0,0.0,0.0
60,0.0,-10.591940465166582,0.0
61,0.0,0.0,0.0
62,0.0,0.0,0.0
63,0.0,2.1947635740335207,0.0
64,6.471366265761938,6.471366265761938,6.471366265761938
65,3.457604129123617,1.9017635199563885,3.457604129123617
66,-1.039414955925348,-1.039414955925348,-1.039414955925348
67,0.07863304020502475,0.07863304020502475,0.07863304020502475
68,0.7226855267895054,0.7226855267895054,0.7226855267895054
69,-3.7467137501110717,0.0,-3.7467137501110717
70,0.0,0.0,0.0
71,0.76582613423997,0.0,0.76582613423997
72,-0.5625260935037225,-0.5625260935037225,-0.5625260935037225
73,-1.996609081738312,0.0,0.0
74,0.0,0.0,0.0
75,0.0,0.0,0.0
76,0.0,0.0,0.0
77,-6.360211519979463,-6.360211519979463,-6.360211519979463
78,0.0,0.0,0.0
79,-0.19599321374096526,4.604037849152157,4.604037849152157
80,0.0,-1.253343903122711,0.0
81,0.0,1.2871789340941928,0.0
82,0.0,8.065003080212971,8.065003080212971
83,3.276672277454852,3.276672277454852,3.276672277454852
84,-6.11764112101707,-0.14712133880217304,-0.14712133880217304
85,0.0,0.0,0.0
86,4.0228860479155735,0.0,0.0
87,-1.4968374378718377,-1.4968374378718377,-1.4968374378718377
88,-3.3570523423383856,-3.3570523423383856,-3.3570523423383856
89,0.0,0.0,0.0
90,0.0,0.0,0.0
91,0.0,0.0,0.0
92,0.7235567198016483,0.0,0.0
93,-3.0695957127991225,-3.0695957127991225,-3.0695957127991225
94,9.762079606658698,1.8401828873540946,-0.2567680360705328
95,-0.9086012914328768,-0.09840476052733449,-0.17280904393028182
96,3.3321980338520443,5.287261343531789,0.15677267648643065
97,0.0,-1.1525489916083305,-0.09393224374054747
98,-0.16056611501456483,-2.432295198606966,-5.256150256936855
99,4.0697099191599815,0.0,3.8871606704813777
100,-2.2661714701260167,-5.309958637461408,5.278851356368581
101,0.0,0.0,0.0
102,3.006296180833115,2.068536404944598,3.7179472162596037
103,-0.1077270608441035,-0.23813772437663377,-0.10919252161576402
104,-0.04885783752963477,0.0,0.0
105,0.0,1.9786574455377481,2.382319321582495
106,0.0,0.36460840743691925,-0.022111702061458807
107,0.0,3.5680670014059728,4.560255198938826
108,1.563845317072981,4.412961165108929,7.182285228456811
109,0.8752886540794939,2.2451510068809197,0.23630907219312908
110,-0.06629504789221556,-0.06629504789221556,-0.06629504789221556
111,-0.12867386569088446,7.5955038040337906,0.0
112,13.087086779178044,6.08998821335081,0.5335480180274489
113,0.7003038343118033,0.35266198954055067,0.07797384945322544
114,7.878379325181836,-4.017646299149117,0.0
115,8.725264003010585,9.65432574397307,-0.27843438158559364
116,0.4554081218881643,0.4554081218881643,12.718557831959872
117,1.610156892667034,4.188116753395397,-0.19037457693192403
118,3.641376288482718,1.1628554653408365,5.582753573009885
119,0.1185422401590832,-0.0316926817039097,0.25040023860696703
120,1.7178969873246646,1.6885958982835934,0.7105224136523377
121,-0.22960433960282225,-0.1581152855734254,-0.41942472907764317
122,-0.19054372524129506,3.2708661134372705,3.0998860937549084
123,3.350004947044764,2.316587288192752,0.0
124,-2.5376045768951485,-1.1344638294655904,3.399327011646021
125,6.933940640529728,0.19773345320226857,4.214992062439057
126,-2.4264266996228194,-1.5627671720607577,3.568503767985652
127,-0.09687658222803318,3.608639020103816,0.0
128,8.118217002797513,1.6275535151520866,2.9557506518542467
129,5.261545894109615,-0.30191164598805414,2.171515364159071
130,10.389480490041118,0.0,0.0
131,-0.52785512575843,-0.6717692506328103,-0.49043583944447167
132,-0.45918798438846015,-0.4555415975256519,0.8340030753999677
133,-0.2114833614891006,-0.529204080603358,-0.529204080603358
134,0.0,0.13728559140624855,0.0
135,1.7872700209935282,6.229516320769391,4.6264452197813615
136,5.290187710373907,-1.642633205271218,0.9539486500301047
137,1.266054134450877,0.0,-0.04848895884749411
138,1.5827579533959895,-0.03252905984429892,2.0679064571949306
139,0.46560524736338516,6.728117813967805,5.505039597751143
140,6.481939594162162,0.16630060488914272,0.21212554701968553
141,-0.06199818294111471,-0.06199818294111471,1.2148551156374374
142,1.9330250736320518,0.0,3.9751531400720923
143,0.33568027319473387,-0.19257068096643942,-0.11983025678822032
144,8.386977874871642,0.07616897435541357,8.13338549450528
145,0.13291054908192923,-0.07186973294155184,-0.025003131216133595
146,-0.043456658698913866,-0.20888251770937596,-0.05740474064236231
147,-0.016556737703919213,0.6288237471059417,4.933379781585089
148,2.9405901634137592,-0.3072977127414024,0.05235621836425235
149,-0.7417920706195004,-0.38129049886341554,-0.06689210436957078
150,3.804213983911137,6.449949544180806,0.010955302434267896
151,5.670967093207906,0.18489657597921824,1.209199393866979
152,-0.18425136295613026,-0.17326885253079394,-0.17326885253079394
153,6.854106969470501,5.286056010968845,0.0
154,-0.1931352683283912,-1.104990652532088,-1.5732378177124955
155,0.5911243770898964,-0.10469950560985117,-0.4349853557484807
156,4.071322765858551,0.0,0.0
157,0.0,0.05925065069604119,10.313081317107361
158,0.0,0.5245614725770652,1.7719250713847063
159,-0.49573234155453116,-1.129881713303088,-1.0978089063991598
160,0.0,0.0,0.23733466828341745
161,3.028098233756389,3.6640015225382765,7.3765681274909625
162,1.9830045834569014,0.0,1.185159965237816
163,-0.7972353066499235,-0.8852719516891856,-0.180365941848449
164,3.7396316706990587,0.0,0.0
165,4.112146907158819,4.968343129523248,3.8701175433327575
166,-0.39325528804316645,-0.031075559711968646,-7.637897409010063
167,8.364369517682592,8.179550053224691,2.4726064396790313
168,0.0,0.6148794270593008,-0.06052437521142117
169,4.113498892514211,-0.06545004271601182,-0.07972271755315986
170,4.192411954911202,-0.0685691287029913,4.321052580205944
171,-0.046472121201981825,-0.046472121201981825,-0.046472121201981825
172,-0.35897400056245515,1.6230188437265067,3.495245062393101
173,-0.6881738467863473,2.521168177949651,6.7610487714396665
174,-1.7063372385293438,7.684364106904885,-1.9688477420700246
175,0.0,5.175990383828158,0.0
176,3.3634931656824434,0.02887604108695699,-0.0042221471074748015
177,0.06093871406714816,0.24998596481711685,6.821328499118165
178,0.03263466484153462,4.2880544438639445,-0.05742587725626265
179,7.775548230823125,7.023473768197321,6.524914747591581
180,0.0,0.0,0.0
181,2.520752509830177,-0.023925095996837908,0.8593220355778496
182,1.4966946570377666,0.0,-0.41556015875338115
183,-0.5813363756110216,-0.7460613824233926,-0.7327162945536237
184,1.684518441205893,-0.20844848319966003,-0.08473343781716039
185,3.542637138054245,2.9951804244469424,0.887584998521598
186,3.5061660699125587,0.0,0.0
187,9.275252101246965,0.0,0.0
188,4.222662371772181,-0.03208383665176955,-0.01685726050167861
189,-0.013698349864530505,-0.024536090676743172,0.6187664391215278
190,0.0,1.1564405991374032,0.0
191,4.6483428144759635,4.6483428144759635,2.3953784448088715
192,-0.58953990214184,5.095961494636141,-0.19482719910769397
193,0.0,5.202499343854206,0.0
194,4.285763732160028,6.8743628301683195,9.50072455860621
195,0.07747692232035085,0.0,0.0
196,2.2663519623375628,2.2663519623375628,2.2663519623375628
197,2.498482124853114,1.5278347429551926,2.2090511120419407
198,3.7009281789176676,0.021756329275756763,0.6753331267618871
199,-0.0031291559791081446,0.34312802138994025,-0.09762347467962026
200,-0.027510401832069098,-0.031090870553551198,1.7085496440883987
201,-0.06304515892820572,-0.3225948235718783,-1.0913275841259222
202,5.433754633018975,3.461156952350632,-0.2006560072627429
203,0.22900041358316234,0.9048875103741127,-0.03264133537882148
204,0.06326659205717092,1.9943270035075926,0.16320551727960203
205,0.1154004506566879,-0.030782320044924583,0.0
206,2.8675165253686754,2.8469256025641574,3.099357255132037
207,-4.871726129648095,-0.016952707598437877,-6.542124235282333
208,7.790229902920721,-0.10995810165821918,-0.0600197591938407
209,-0.04785325473561609,-9.19138475600255,-0.01182851424202493
210,0.0,0.0,-0.010027877194279616
211,2.0978359372788913,-2.5297332649129145,-0.029609306040995848
212,-0.011809554160831851,-0.051748221842627666,-0.012660199287582758
213,0.0837385369723428,0.0,0.0837385369723428
214,-0.008189007418659718,-0.039767713818581414,1.3829186999463647
215,2.47542794341628,0.23573602249912304,3.6004741581732964
216,-0.07261188704013355,3.586267070931727,2.7052496596710807
217,1.4306736779965077,0.23152761739322433,-0.001409305129830458
218,3.6850114267552234,2.9577946620771325,-0.03579245324448439
219,-0.07309224204201993,-0.3688635934667139,-0.07309224204201993
220,2.1123192614497586,2.4459883406902985,3.672174315515968
221,6.54676594733564,8.101742867931879,9.885988304282408
222,-0.03570856928678147,-0.07410711365191329,-0.07410711365191329
223,5.241512521935604,5.241512521935604,-0.4534934494120851
224,0.09298248731332753,6.835762588275422,3.1366904159154165
225,5.222478458481436,8.200849863899421,8.52284522017931
226,7.129457319724871,7.613873883427488,0.5991177609519492
227,9.377817229125203,5.877742483364482,4.66506998017557
228,-0.1812398748983028,-1.5064420313364473,-0.06021857454860995
229,-0.03472524417897408,2.158939928201126,6.806317018921811
230,0.0,7.779071278988221,0.35019833148315677
231,3.3109202285995565,4.8189639729830045,4.691986987273058
232,-0.47424931546839344,-0.1355267919700316,-0.1355267919700316
233,-0.12402557711604723,5.251011867128797,0.8153428562960955
234,2.8326472568287304,2.2864315440012093,2.2807499316838653
235,-0.09195383940826364,2.740415788651174,3.239093979756081
236,-0.6479604300567083,-0.024199415572978177,-0.6479604300567083
237,2.3230126427452733,5.689235894763927,7.366216916973168
238,-1.1837968391836826,-0.3994742473614608,-0.3994742473614608
239,0.13270653395238868,5.168213942001685,3.1738356035119653
240,0.6839449490834021,4.379813760768917,0.17820442677264098
241,0.8005494938279779,0.21729743951484434,0.13108232764263078
242,2.155292423546505,1.971439514678066,2.7825431343369837
243,2.143070241338077,4.047243838829799,-1.3255348580580382
244,2.3467977678728986,1.820618865612386,0.6151411892758617
245,5.240614082897691,-0.009784454205035872,-0.046261789965754425
246,-0.6917373697050129,1.5666881897363383,-1.4592297955294353
247,0.4283298159921525,2.1737461495118646,6.507848262636913
248,1.0889832958280299,0.06066744246562013,1.2057873395968373
249,0.503448576414159,5.664275716019155,3.2743430878675936
250,-0.02800732100754503,-0.009621833028851336,-0.02977270172294366
251,0.0665134804550039,0.0,-0.011055417036950434
252,0.8158931943977326,2.394239941874066,9.664206347703377
253,-0.11792669074744015,-0.7131652520438431,-0.6975170114002233
254,-0.028113539594780468,7.235915613497953,2.72906117035473
255,-0.8402951129303139,0.0,-0.761858491584615
256,0.05764180922700672,2.396790161329223,4.1581575140687095
257,-0.056904754027807834,-3.7680848375272378,-0.10065745731067202
258,1.5234440316356075,0.09848614060972558,-0.03793483609985817
259,4.720753898569157,0.8460146502698441,2.989225749309148
260,-0.09787380280963466,5.253725996581816,5.253725996581816
261,-6.478001106420751,-0.03182201502328198,-0.06358391056786174
262,0.949571600195872,5.25482297164248,5.9511928149370945
263,-0.9407507812544946,-0.012787203667390872,0.15001706105725252
264,4.819439930712208,-0.03942384725524628,6.862167195256251
265,0.9961150053964861,-0.020009794417011714,4.847138088892923
266,-1.1735129755586133,-1.6128341194091893,-0.5966088922927819
267,6.428300408456896,8.646232394238574,5.143876289766854
268,0.8873946956586299,6.307964994809535,0.0
269,5.7347373685555185,5.104589728500102,5.229979024216117
270,0.44801982624073927,0.0,0.0
271,-0.04130546729556157,-0.23050882307003245,-5.326500554313168
272,-0.12363310244669758,-0.2502072025746073,-0.022146950139103172
273,-2.5664163999885177,-0.797292410195516,1.9484523517043313
274,-0.2640327034916383,-0.013550150624681203,-0.05337849999937645
275,-0.011319888007899997,10.845754176297852,0.9853902561502559
276,4.5009735491600855,1.1479316732058193,2.54398297030473
277,-0.0845823999536959,-0.0674166663878686,-2.894323206072782
278,7.744674358059301,0.0,0.0
279,-0.48509824944413943,-1.7490225288018175,-1.6993880053178074
280,5.261686543820315,-0.039593980989797314,0.0
281,5.267802111064645,0.0,0.0
282,1.601458585933749,5.288819726258309,8.049382216704421
283,0.406827641654027,0.0,0.0
284,-0.21712903224283236,-0.07656347875941516,4.217936784034885
285,-1.4945595125697329,-1.5347325989193046,4.857394932709666
286,-0.006459099186657867,-0.006459099186657867,-0.00918541780771697
287,-0.05421094187683832,-0.0418028610957597,-0.05019170442358474
288,5.392967039638543,-0.12395635928493076,0.0
289,5.9695515341093515,2.5633159718831484,3.4997002245673716
290,2.344381214406951,3.9132860302066987,1.7209926183991948
291,5.031130034015768,-0.02010446659033153,7.847302122614483
292,7.18036664002722,0.07405151782006467,7.167122715773195
293,6.763809599758841,0.8670788209600795,3.7053599132594552
294,-1.6431764025734945,-0.06676094233436046,-0.1361477270378354
295,0.0,5.225792084892982,5.25835881998237
296,1.3368577540798738,2.120561738818464,2.2211967209306835
297,7.72830189298502,0.1499075571594056,10.113261605263842
298,0.0,2.258118589065422,6.6295196511546175
299,-0.046633377113639365,-0.4545568832945864,-0.046633377113639365
300,2.366189506302086,1.8942457144393008,0.0
301,-1.8380038060115393,-0.806504162207224,-0.5162837886053039
302,-0.03421018056549811,-0.030963165585647538,0.8360851685861477
303,-5.299071932220146,-5.3289106771085155,-0.4182314777431248
304,-3.601061268316671,-2.541441599385967,-2.541441599385967
305,-0.01761430054974663,3.6324740890388454,-1.9325745311881466
306,-0.12843705555036633,-1.5040190629278734,-0.7317466607263182
307,-0.02056974052236159,-0.03558246651892893,-3.8526651251807995
308,6.807358028551785,7.736473789028463,10.979281020733355
309,-0.007438956441666443,1.8924639547071702,6.60186439766377
310,-0.018658386700465743,-1.8180979781869129,-1.993465011918148
311,-4.287869430176643,-0.03957128702966917,-0.03957128702966917
312,0.0,-5.394452871865371,-7.926878791665126
313,0.012614618342760769,0.0,0.012614618342760769
314,0.9001741126489942,0.9378271474261946,0.3938808075592211
315,-0.09143031934449145,-0.09143031934449145,-0.02874724895193764
316,5.045326073558081,-0.010205974232244786,-0.032810260253052295
317,1.161605581722718,0.1693489741970793,3.348281208407518
318,-0.18974313615082802,3.2836275411563545,4.063915150966447
319,1.8540269721040934,-0.26855678798230276,-0.03089577730402843
320,-0.16640184930842403,-2.3790603014180514,-0.030504125783291536
321,-0.07823544261815563,-0.3940136588462363,-0.04692962252840261
322,5.211177121888452,5.68640525095489,3.2599884193565964
323,1.555459249187015,1.555459249187015,2.1037460711614995
324,-0.03341751326773773,-0.1464781183860706,-0.03341751326773773
325,0.32110030696917674,2.543200374296622,0.0
326,3.2919508221659557,0.0,-0.01123350012240667
327,3.273285440397263,3.273285440397263,2.378609873757657
328,6.7089443441007015,-0.025431055147495208,3.0019151766975156
329,4.356128401194296,0.06209364113798649,0.2589492510331632
330,5.046807239867871,4.033678671693476,-0.03996978898621691
331,5.232076599187573,7.422366113501545,0.0
332,-5.071682035454966,-0.31560870103420613,5.269976467030401
333,-0.05347470235078652,0.8884828428391963,0.006043026353203854
334,0.0,0.7014757448143815,8.825017627573754
335,-0.013013655892029135,0.09759989377897396,-0.021991521092303696
336,7.488767798878294,4.528372457165397,0.0
337,-0.2926521216881517,-1.0664535598342078,1.2179875194525809
338,5.27159860918907,-0.24737128677322057,-0.09660385655803475
339,4.65346471590382,6.10772989606954,5.113584058362702
340,4.893629118202776,-0.3173796386110828,5.002056831944383
341,1.1998025489107478,1.1998025489107478,0.1303502660843572
342,-1.436674577278278,-0.25063307624178277,3.9386169863901115
343,0.13565265498213241,0.0,0.13565265498213241
344,5.91595465536096,5.392333415742501,4.585641314590981
345,-0.07821789039105728,-0.1384437338054634,7.59620756483213
346,0.4800566795472276,4.559358536861257,6.267908775009056
347,-1.9150594840056743,2.727232628395951,-2.351757827450589
348,-0.11765639888777801,5.261281683584813,-0.04175570596254791
349,5.268023371542071,8.712571070644637,-0.09364456862141751
350,0.0662447362616434,0.0,0.009047717252034248
351,-0.3090107029913685,-0.05728282849565632,0.12384805255700078
352,-0.2870991442948813,-0.03165794104185182,-0.10623537262462308
353,5.263005657677527,0.0,0.0
354,0.14630359173103227,0.12745941833072022,0.07363070369306227
355,1.4052792802162997,-0.259630430586825,1.2557618704751554
356,-0.07068683015490107,-4.485830520167539,-0.07068683015490107
357,5.280216400858126,5.262347285184882,5.2857376034100385
358,-0.8899439665969687,-0.8899439665969687,-0.26477102682898296
359,-0.02457357909350104,-0.04644834133745697,0.0
360,-0.014913297044011214,0.0,2.3117624341731213
361,5.276756040182596,5.632891587701387,0.0
362,-0.0911047313872391,1.9761898733648622,-0.5188883825527042
363,-3.6967263195908924,-0.17401698085189699,-0.17935324964719457
364,2.508713961260909,1.7185442242134705,-0.017952867683810218
365,7.011010523540763,0.14216216112779098,0.22512423553801664
366,-0.16134571593659766,-0.23704181154139636,-0.4232573938262449
367,2.709178121237359,8.101457106999439,9.112987996388286
368,-1.0911388795028285,1.2457435714047926,0.25127699395335934
369,-2.763756120864682,-0.35051863098058605,-0.17007180878798167
370,0.0,-1.7650597948003608,1.1695037015232475
371,0.0,2.318028064767433,5.9965896373214616
372,-0.1744637910703949,0.0,4.888346974962888
373,4.548680356656978,0.0,9.763400326170357
374,-0.8344483393326368,-5.6024665340698565,-0.2036863123430916
375,3.889057343278349,3.2131199832847512,1.4584252293311462
376,-0.5334070536838578,1.5254756364787285,-0.1810121892644155
377,5.229894877361931,5.229894877361931,10.224721797005262
378,0.0,6.733553865859856,6.428575961917101
379,7.600061838463472,1.5980214220369924,-0.17113430176114888
380,0.0,0.6373370732975946,0.980469789061138
381,-0.8741629883845606,-1.0768542485959072,-1.309854744513055
382,7.674776166249864,0.7860564923792417,-0.0614653587185797
383,-0.05917886237419733,-0.4420808022648209,1.1447203330997837
384,-0.1480439540945984,-0.3667056477544864,-0.07710105911433666
385,-0.09141259288832214,-1.0104963558679205,-0.7253156865183568
386,5.234325203230254,5.234325203230254,4.612133005433986
387,-0.1888570986465612,-2.850204568885503,-2.8362520431448326
388,-4.170940498877718,-1.6223946817165418,-1.268386998331233
389,-0.2457928057451842,0.0,0.0
390,4.6954170810208495,6.634055269055297,0.0
391,0.6447117782946301,1.2674838307765712,0.5083830842939591
392,-0.20505599975444724,-1.1825309022393748,-1.1670775987316395
393,2.32129402080855,1.3385494254089625,2.002495016183607
394,1.3635656180470543,5.166859078208142,8.822531905015795
395,-0.10709129408820459,-1.4704888528319724,-0.28833339223467586
396,-0.3076936570846869,5.4905930996256345,6.287431636935813
397,0.07070177211388634,0.0,5.270812229962375
398,-0.09462453879189817,-0.09462453879189817,-0.09462453879189817
399,5.468773188172366,2.6661855465885944,2.579889822018103
400,0.7906901540772975,3.9199879753583207,-2.9526132218216476
401,3.1685707972791337,1.203323037594293,-0.764586820569964
402,5.1397509671677595,4.297078307747503,3.229779470118769
403,-1.3462416987153565,-1.3462416987153565,-0.1048491895099296
404,1.0679860849816913,0.0,0.0
405,-1.3298860964904091,-0.7264711859566024,-0.03745626801379956
406,-0.048549947390516844,-0.06353207862104421,-0.2701784118016482
407,-2.935192057805094,-7.325942882476372,-7.325942882476372
408,3.5020210511579477,0.32093111921840944,4.702387422086407
409,-1.6430192646876043,-3.234150433682368,-0.6603262338122224
410,0.0,5.613022452913854,0.0
411,5.278537689642248,-1.2894335741791019,6.96474926146049
412,2.081852183303986,0.002294098908290574,-0.0574490650336301
413,2.3811688391312167,1.8033287457377083,-0.344378521439073
414,6.83679292705959,8.693404507073998,2.912198030706999
415,0.6763563959532076,0.4879453684504208,0.9793965012975218
416,-0.781184211384548,3.8776599490039647,-0.10284402648027832
417,-0.07498969102709994,5.38151590553579,1.8246126563973788
418,8.784853359422344,0.0,0.0
419,-0.3759435730058069,-0.7846570031865305,-1.6657480056864375
420,8.190616204279312,2.382083574384436,6.318096628503072
421,10.208634454856707,9.425195742086474,5.481558510516738
422,-0.07687125784049657,7.267147697808254,1.0619557634143566
423,-0.02482184874226341,-0.03363904349897695,-3.2777218511499813
424,-0.06293232509213342,-0.06293232509213342,2.975475462600172
425,-0.409735272918789,-0.25251741034757075,-0.23441141874075191
426,7.286860964687436,0.4036740370726296,5.810849587189978
427,8.476861255610945,0.5329338663781176,9.432115614774885
428,5.053623883261289,5.275897929294039,0.23125727371827645
429,1.9337861508981682,7.896488853298652,8.677862478397941
430,-0.131194226091383,-0.25598267964835464,-0.12492078408385493
431,-0.07350837043045358,-0.07350837043045358,-0.3737486564419989
432,0.6289493321377821,8.124639383871118,9.266684007330761
433,-0.03126966545886647,-0.0195703383029069,-0.04806131655194763
434,-0.024084617377942038,-0.014990398755817457,-0.49001442872218276
435,0.5291564730133339,-0.03419545366448182,1.4882524315963697
436,8.819627743809267,1.8825742720499394,-4.17087051963516
437,4.326750453678173,0.3430488843776251,0.8547513447810873
438,6.842979628793085,6.503740676038509,5.777553196652986
439,-6.581268366381374,-0.20389753418317338,-1.8622989841970798
440,5.106010520790104,4.553526658844193,2.691213484248778
441,-1.1291500775313905,-0.09442919944518059,-2.060522556408211
442,7.642178951227452,5.832477845809164,10.05891742048268
443,-0.06927876461210417,-0.3728055519366477,-0.5716641914991009
444,0.0,-0.03564702462792244,-0.06880778592688032
445,-0.07069942527244531,0.0,-1.7648376123662375
446,2.795075234129537,0.0,0.0
447,-1.9991702275482015,-2.324709102912943,-3.80523870164896
448,-7.7611851427677685,-7.7611851427677685,-7.7611851427677685
449,0.0,0.0,3.4935504469603638
450,0.0,5.206805804519067,5.206805804519067
451,-0.0933849225338511,0.0,4.068092883120165
452,0.0,0.0,4.175724557068734
453,0.0,-0.36731495960358623,4.491892268646406
454,2.7536768108069705,-0.4390270703204727,-0.03280339847728056
455,-0.33435647564992865,-1.3923024035655933,1.30965670241353
456,-1.9515230663629508,-0.16617896124252882,-0.39290716398331804
457,2.799933400003713,0.0,5.943354981151496
458,-0.05546327612217102,-0.14101377824697456,-0.039881303585380626
459,7.597626520248418,1.6339131396299176,0.8135366577846045
460,-0.049716271421683986,-0.133377156801661,-0.1761797922113458
461,1.0167297070096368,-0.2751818809724863,8.246714864298529
462,-0.21105251987896353,-0.010849163359779602,-0.014289558663179136
463,-0.00564792656236648,-0.005610999312446333,-0.005599782147478162
464,-0.04382295190803026,-0.0049878241374075125,4.096322525526067
465,-2.980376980669404,-0.006802157293596084,-0.008315872648092408
466,5.657404700472715,-0.019757416870612467,3.26997135776699
467,6.795450523874018,14.243559925029174,9.5675889420497
468,7.692292405113543,0.8969755502103626,2.081276291098655
469,0.07060984644157141,0.0,-0.12588739101404214
470,0.6627935074593613,5.87343411045077,5.460131014798163
471,-0.2643277277399676,0.8788141005007678,2.3540239366234696
472,3.7296778486183384,3.7296778486183384,-0.011021060951255093
473,-0.014300896067185301,-0.014300896067185301,-0.027414107419679576
474,4.888441562818821,4.2998676369740405,5.514219641076241
475,5.519810239380448,5.519810239380448,3.109867670475871
476,11.987299722099433,0.0,12.801946153515686
477,5.5743231640857935,0.0,3.1839754913457887
478,0.26532802058543176,2.269836512972066,0.046659997155600555
479,0.5013423095966287,-0.0471904321504481,0.3541744038032311
480,0.17249432428478584,0.17249432428478584,0.17249432428478584
481,-0.24295583616301938,-1.2709729391653128,4.165075052779979
482,4.284177782634066,-0.15686533327364283,0.9248837221416857
483,0.01776421236068726,-0.007562216135895815,-0.007957206107286008
484,-0.04830970675329368,3.4349672468427865,2.6792283233155207
485,0.0,3.319500649628694,-0.021620622342838795
486,-0.1313851824937911,-0.02750278102377806,-0.21036387096689355
487,5.146452817378182,0.03939632064812826,0.27453590781452747
488,-1.495279347416042,-1.620420523507457,-7.421666575897059
489,0.08999977734244682,0.16587319360384256,0.3070825015284036
490,-2.740301037357787,-0.08615176145936608,-0.034250372922051464
491,0.629902279274446,0.0,0.22354201664510837
492,-0.10802772020775354,-0.07454236410981512,7.915060123788157
493,2.2786342006351106,5.048050297029626,9.218500405498705
494,-0.23601847136805837,-0.06412016539968304,0.5245676881177279
495,4.50963559566311,5.652412444613749,-0.3168841987621232
496,-0.021659137849193166,-0.03489439266346523,-0.1703059024386923
497,-0.034247820792962264,4.043005144530341,1.207732662948097
498,4.179680003743468,4.179680003743468,4.629025190474666
499,0.0,0.0,0.22505527030741698
500,7.250954172889634,0.9045479987467099,3.467993645299812
501,5.808833020536862,4.415364420210758,3.9768657967874828
502,3.9216674678690584,0.05857789272436349,-0.23401441806226142
503,-0.009637394405655855,0.9688819969531434,-0.011295211362606762
504,-0.011532014762592335,-0.011532014762592335,0.0
505,1.0805483406535095,-0.04203419255224939,2.1395482245927204
506,4.407430587121119,0.20097966057089742,0.027314754888593563
507,0.028219307948245995,2.3360132485105,-1.125661277191972
508,0.6369407196208773,5.246304811113133,9.954894984451979
509,-0.0015344637584827144,1.0380168022689225,0.0
510,-0.04246514954360718,-0.04246514954360718,-2.8886650969166126
511,-0.34404058788596614,-0.11381757220953737,-0.051947613683474
512,6.694428930500973,0.3319492606186693,8.337746280209142
513,2.4010806986139586,2.4010806986139586,0.37121284451744185
514,4.649834126492994,7.72368743490455,8.090821698759138
515,6.753220344868901,7.267986592720264,0.7377669315096737
516,8.095942382488758,2.1238115589692392,0.3817858021494993
517,-0.11557300033239723,-0.11915133489607034,-1.1020975913030477
518,0.21115522335664522,0.3888934353273404,0.47564093052374046
519,12.112880455042465,8.634922866933513,8.902896730189612
520,3.1726933398818695,-0.1351292692834739,-0.024054229703799702
521,0.0,1.9718320421910334,0.302533034804891
522,0.7420318893293584,0.32686812889728245,8.104512168461614
523,3.2946689233222233,-0.11317395500658574,-1.6670971591598052
524,6.5100760414010805,8.254719624212484,-0.024541161345280726
525,-0.1130593077591219,-0.1130593077591219,-0.06522492699576948
526,0.0,0.0,0.6598984319588156
527,-0.5348569416798675,1.8745765496699567,4.468019149104059
528,-0.18917213639792663,-0.8530516217434453,1.1304369852204512
529,-0.1104271461304955,3.2337890261247044,7.367402248051021
530,-0.04057880828562532,-0.04057880828562532,-1.585920259102079
531,-0.796277568333761,0.0,0.0
532,0.03355993232604596,0.009536142686204785,5.278762129534429
533,-2.069867913659834,-0.06044809007392298,-1.8487428807691937
534,0.0,-0.045523368320804336,-0.06625462779121283
535,-0.04649305194378287,5.1990735012954765,5.111034677894096
536,0.5732124402252551,0.5732124402252551,0.5732124402252551
537,-0.5465805834864278,-0.47474591449965764,-0.022674090132413234
538,0.2550319722704289,-0.040412959503271895,1.6467771569860943
539,-0.013846510746662145,0.07292438598564878,1.1289023100344475
540,0.14640397970334737,10.910433750831526,2.9276659770572944
541,13.356287430333222,-0.02049334364460062,0.5892276236505588
542,0.33448280701120986,-0.23037191657559697,-0.010601163838770876
543,-0.007824633827312646,0.029831750752191973,0.0
544,4.076993317091776,-0.06260240804341052,-1.1564212365970081
545,0.15644923372052089,0.27754654677973567,0.7517574203275514
546,4.939367441251281,0.20129667443460886,6.981797339590434
547,2.7416935979653174,2.9674731022107217,3.671525859454308
548,2.6742495283528003,2.0336455664735453,0.001884209082576177
549,-0.11543924875732313,-0.2706019769740145,0.0
550,0.0649622309621742,0.0,0.0
551,4.848664968654274,-0.07694775132371064,2.8415913387326976
552,-0.9105884508659635,-0.4086274792539815,0.6596000448883361
553,3.1836063657072544,0.0,2.0780175563965906
554,-1.7467669438927407,-1.7467669438927407,-1.7467669438927407
555,0.0,-0.08879698206742904,-0.6687389318290927
556,-0.017359643882539667,1.5293076994331152,4.276129750482769
557,7.852434085952922,7.484474328490475,5.269179262726075
558,4.318206130855327,0.0,0.0
559,-0.015158022152961326,-0.02650934269970885,-0.025334553179284406
560,-0.4547894943945994,5.24560035342732,2.816149970407751
561,2.2471760412601434,-0.2335838235264505,0.5375738462235284
562,-0.12257905184621347,5.928105980092312,1.3102467963920965
563,0.0,-0.2525703104386765,0.02183955679362561
564,1.2625419261295312,4.042121315901885,5.059666769209786
565,3.983008062580416,4.86706974798534,-1.012055817522832
566,3.8555744715429943,7.2086441256989975,2.6811918815593327
567,0.8115303788472473,-0.11264368169357042,-0.04847583625751875
568,0.16560647707169915,0.0,7.921550095174263
569,2.149180832572445,3.151569429995896,12.234840153521501
570,0.035563272485994994,-0.07344743260710392,-0.07149576080547966
571,2.7311073995257162,-0.2829095174243239,0.0
572,1.697798293429803,8.190481649461951,4.369110578708963
573,-0.12307929119624936,3.3667616201614297,-0.11465594973472762
574,0.5747826080689552,-0.008956795741215055,1.7820085416674307
575,1.7386095728317288,2.087147956361409,2.087147956361409
576,-0.1708065456902093,0.29773680851940604,10.127069236475085
577,-0.018059222245691862,0.8537170565244536,0.8537170565244536
578,-0.0011482528293006642,0.3016170441594704,0.3016170441594704
579,0.12476189856009307,0.12476189856009307,0.12476189856009307
580,-0.1272379868757861,3.091707209581699,-0.1272379868757861
581,1.06231025225621,0.5663548121139189,5.266765847146709
582,3.6923685954405814,-0.5963853742254657,-0.026910512067219387
583,0.05526223743229398,-0.03814803622557349,-0.03408293673105907
584,-1.1405787774183356,2.102792491166115,0.2212176573306858
585,4.080035939692277,2.7342309612157694,0.36943364185192334
586,4.814200350790359,-0.6807850444379283,-3.967109071518363
587,9.150436535269542,12.5993703946075,0.9104309741579096
588,6.64064919148745,6.419706264330104,3.414747809881956
589,-0.19251309505638037,-0.1532898976055236,-0.10869182327014246
590,5.000606599392525,3.9195918372696394,0.03272357644768718
591,0.8485947814904783,0.4026010635731794,0.4026010635731794
592,5.166917125970378,5.198391506087354,-0.468586742034051
593,2.9952254961707214,1.9969748890306054,0.3004737263878866
594,1.101207213205931,1.1388107509306367,0.2609951297405748
595,4.998221040333832,4.198721727512956,-0.5908947545915925
596,0.11241187802317812,-0.05535272348437752,3.210030253002998
597,-0.03850382592210265,-0.023143761912451197,-2.5620275557125853
598,0.06088986891887474,-0.026149921976688806,0.0
599,1.9358284785141204,7.729221107787642,3.0158776680669996
600,-0.10163356100049671,2.2057298602965716,-0.2921992638876208
601,1.085282823522544,-0.05568656319300804,-0.0998427999165058
602,1.8012897543493491,-0.24695336804083523,10.879947095589435
603,6.482054611173352,7.015139495496705,3.6187151072498054
604,2.7667335762867897,5.354917257215528,-0.200938167800945
605,-0.003189018363246763,3.8709836913460687,0.7022669471075352
606,10.098788277941717,9.794993365422169,6.7609039185679
607,7.501506100898607,0.6128988906736009,0.6668747943565708
608,4.807092678233217,8.7810954561053,7.110948993876975
609,3.660590462084649,5.262910147198958,6.568386370807579
610,-0.08137166207340356,-0.061155716220914695,-0.061155716220914695
611,0.6006064718255659,7.651917495817125,8.518764174226956
612,3.657313465744536,-0.5503464252656856,-0.656021017446388
613,5.283293690209443,7.761629285275682,2.313393519198315
614,-0.9617130451187738,0.6494959769183599,7.418247726614536
615,8.092159682653735,-0.014429722135158982,-0.10622575624514127
616,0.0,0.43479515784061923,0.43479515784061923
617,1.9693556700279833,1.5057719460551644,1.2292576658787389
618,0.09046282576614864,1.9924262450230161,-0.05666731701407306
619,-0.05485198518898556,-0.05108917994601363,-0.039372620769812135
620,0.0,0.0,0.0
621,-5.087694906927883,-7.8024683621309885,0.2633205696217177
622,7.838739542858073,0.0,0.0
623,0.064824321286048,0.057423463602521804,0.064824321286048
624,7.2790165335114505,-0.1152910143033455,0.32124495004198833
625,-0.18123064023758492,-0.10693225652979114,1.8669652373338246
626,1.2192980496542642,-0.07042696196429447,4.684794102936935
627,0.8941126755855369,-0.14703393308836232,-0.11356243801107291
628,1.1767112796375496,0.0,6.59659894811302
629,-0.505118931041305,-0.3038464972034713,2.2416392984131623
630,4.8739024308709356,-0.7302919339812733,5.248265695193475
631,1.2070126346054957,-0.22738471461668697,-0.1922332820662887
632,8.147643983350296,2.9955079947763754,9.197128850184772
633,-1.3278127896394585,-0.0704536141534773,-0.0704536141534773
634,5.0000011180384085,0.6942792006930035,0.0
635,1.9641487767945316,5.23532671065511,1.9641487767945316
636,-1.159847310625487,-0.10857978400699654,2.868000803097496
637,-0.007483522777238393,1.1402045467654904,0.0
638,-0.07825173869179257,0.0,-0.09654661016572309
639,5.932619023691555,-0.1587000733298799,0.6311805597058574
640,0.0,0.07670097609881867,0.0
641,2.332487134368803,0.4523291511126813,-0.026102214105135257
642,-2.8023825371467326,-0.2857931917713359,-1.3437341103322407
643,0.0,0.0,0.0
644,-0.4120219820812494,-0.9482104700247677,-0.2722004345202113
645,0.36169814616596296,0.36169814616596296,4.236763916257215
646,-0.05141439143613204,-0.02000674745060054,-0.0180799787486128
647,-0.6524775120545483,0.0,0.5251788294693902
648,-0.09716788024602532,-5.978031770160952,-0.2959611766527783
649,12.693192039151938,6.421204045471012,0.0
650,0.05182739324771215,3.4292096741435376,0.06911006488507
651,-0.14811662321683394,-0.04375581210573409,-0.08282653911484793
652,0.10955051227614337,5.249421016084484,-0.14668169994505664
653,-0.2054969849742896,-0.022912589337632273,6.16399677583491
654,-0.22470233269047415,-0.4818645600859849,-0.12520543166776235
655,2.8053475119978315,5.2628580102015,0.329929001111991
656,2.2139652366836406,0.330542368176939,2.2139652366836406
657,-0.09872801446207155,-0.1309264324518856,-0.16090008390834787
658,3.9482097774732297,10.20604841225448,8.105340875219625
659,6.867973606241143,1.1793906182848004,1.1793906182848004
660,2.941578017421943,-5.544338357777953,0.4003329389124048
661,-0.4772687339972411,-0.3514788938287208,-0.30514741983503585
662,-0.7292612078638334,4.413963795463246,1.7261882398973443
663,-0.9104753036737286,0.2465107939377618,-0.9409009393176088
664,0.0,-0.09504622691651804,-0.08182644349279404
665,-1.573879287657895,-0.5164310406865795,4.057196939008611
666,0.8487439466138553,-1.3652870908248806,3.589428327358168
667,1.4192661465597742,0.021199431238625575,2.7946179318261852
668,3.598855932409076,0.1160046149785011,0.6792527503594218
669,6.831431165990235,4.72609992191323,5.197335471111457
670,-0.20468508091588025,-0.20468508091588025,-0.20468508091588025
671,2.631492653577421,0.4174914237339785,0.09880170428258554
672,0.5882677109002902,3.3033299693990563,0.7824974540628864
673,-0.03700677604193063,-0.8041136411522748,-0.552367985895559
674,0.2616785151839629,0.1648653794314217,0.20826997067529063
675,-0.37109565039718617,0.9344379556524504,-0.23606039442094984
676,-0.2017086192417474,-0.20536497023813735,5.134275464789959
677,5.276994796886015,-0.4640746145448656,-1.7008047182352337
678,0.6887036048979348,-1.0025790288704197,-1.0336344297345443
679,2.66946017930304,0.020433764324612327,-0.0596144965543625
680,-0.09960185239874618,-0.2773755541185778,-2.2447442316746735
681,7.673276665434107,0.8427337301930506,0.6762841100217044
682,3.8666618851899703,4.15934169720796,4.201867486097671
683,-0.6330916606565575,-0.17843652483545736,-0.8415471797165057
684,5.262502318352203,7.370175351611168,7.7620982813384805
685,1.160001904832055,1.160001904832055,-2.5196631062746166
686,-0.5328740999376068,-0.26401615518039323,-0.26709188632347985
687,-0.3465050358097815,-2.6827717691298343,-0.13265893842349535
688,2.0111880333339656,0.8128358541915585,0.5262868251763491
689,5.252222428964004,0.0,0.0
690,0.5034108317918923,0.40532869374943536,0.5956670001475945
691,-0.735958173410772,2.1102616613242233,1.544289032206022
692,0.7916357172104201,-0.20520206878750188,-0.21632415911839661
693,-0.18505858012393825,-0.12455659412132704,-0.3164369121704441
694,3.7041413272893786,1.2198979392332956,3.548409283807669
695,5.047512929627294,6.851860663223044,7.993119100441368
696,7.079200355432273,2.874984033322429,4.833728471711012
697,5.649262871120633,6.6998274254316215,6.1306525668849625
698,-0.015863470781633453,-0.015863470781633453,-0.015863470781633453
699,-0.07784496475183593,0.6726540029367493,-0.018473436198239872
700,-0.11536829161211616,9.554775049134994,-0.09638289564305415
701,3.6856611294024324,1.8175651972647842,-0.18298095352596672
702,-0.043089257520885396,-0.5290463291354669,0.1576402021894976
703,-0.02607115453353501,-0.02607115453353501,6.984070734851281
704,0.0,-1.6782235415280693,-5.394104083471088
705,0.2226022659697347,1.2254350320698852,0.0
706,3.95226108386427,-0.787338122049776,0.915529157747655
707,0.0,0.0,0.5759646576888108
708,0.46211623478652364,-1.7555213465285453,-3.497122782859164
709,4.732684877873305,-0.01620234724869145,0.2777147885156009
710,-1.0705097220892992,-1.010087164906698,-0.7765922567211787
711,3.331824475833759,1.9469363515150337,3.657853366427661
712,0.29848367483951055,1.3550540174893035,0.6447408770028945
713,-0.5398043920628751,-0.5398043920628751,-0.5398043920628751
714,6.4888699521724735,3.253895282024726,5.103794664097876
715,-11.55371646768428,-5.062014877970694,-3.869693150225928
716,-0.38723001953755076,-0.052076303652718516,-1.7893356503473536
717,5.243168141489351,0.0,5.959636102177651
718,1.144735854753932,-2.677076434367992,-1.7423550396689012
719,5.39070048847332,0.0,0.0
720,-7.637557488463368,-0.024754238594653772,-0.014838388469720788
721,1.3476004460985471,8.771638376814739,0.0
722,0.03632725621742527,5.7060584826581335,4.046858577148432
723,0.0022259644767387253,4.510212558632633,0.007777064627747347
724,6.15336970471748,0.0604724158933317,2.204183735958821
725,-0.4380217132395275,-0.4380217132395275,-0.6834959115529037
726,0.11258354101169468,-0.17606821874611053,4.867958920838717
727,8.312096561645781,1.4280462055774579,0.5918579256638443
728,0.0,0.0,5.914997786568217
729,-0.2620383828182339,-0.22085962113512322,-0.2923026001304553
730,-0.02621728053863084,-0.3282509831998582,-0.3682114012488018
731,-0.05334436639950914,-0.0939061107018548,-0.05294886134353368
732,0.0,0.0,0.0008038035759982765
733,9.27775828944074,-0.404005598963788,0.0
734,-0.16291310547684718,0.0,0.0
735,-0.1248087561662951,-0.24259662516980735,-0.727287921702491
736,-1.4211250933299007,-1.4231746612609035,-0.1734633987907416
737,-0.12072184381590474,-0.2719321201294123,6.1475330714273495
738,5.644496278945909,3.167543408205914,3.167543408205914
739,3.7423111161201987,2.8269185968344632,6.893910421856895
740,-1.0296472809705481,-0.39858459197203694,-1.0296472809705481
741,0.0,0.0,7.429534221609284
742,0.4000068642638923,0.0,0.0
743,1.3351039997632237,6.746149064113581,3.40721924607835
744,1.463862810128781,-0.3339319106548106,-0.1349777473757684
745,4.812099706584301,6.626743011405116,7.129721172146673
746,-0.1003245889783115,-0.0416348702508847,1.5054027600262576
747,0.5087511626582842,0.22854804924232727,0.16532715191781397
748,-0.04961727217794234,-0.05257436355518166,-0.053241249941254704
749,0.0,0.0,0.0
750,-0.01508696520122877,-0.0051481698256874596,-0.005390331679577611
751,-0.34610470994031556,-0.34610470994031556,-0.34610470994031556
752,-0.15352500311711792,-0.15352500311711792,-0.030025934489479395
753,0.0,0.09219624909025549,0.9201876186886288
754,-0.002697823692507114,-0.002697823692507114,7.091450187687422
755,-0.021702231128003662,-0.021702231128003662,-0.02156481641631517
756,0.03671694087447842,0.07289888021322723,4.991745334532754
757,1.2320936652267633,12.051940542353956,-0.01017685068137289
758,-0.010816060407645194,0.11659551867469023,-0.010813470522438258
759,0.024232164774084075,7.211898688658684,0.004331913986924134
760,1.5290116527164694,0.769780646914744,-0.025935874803655345
761,0.13044465500387015,0.07604806701126775,11.524635080161813
762,0.0,7.030287982268705,1.768913735760586
763,5.276919320028709,0.9957477735271462,0.22449165981122582
764,-0.35776266460396683,2.5031495806560193,-0.5455591909063305
765,7.625383802475583,0.0,0.0
766,5.208798646615165,2.780245139014432,2.6877824933983256
767,2.715897790049811,2.715897790049811,1.401756231180425
768,10.875274685237846,0.0,0.2515583417712742
769,-0.05541425414421066,2.2211618100267625,-0.02203587321362666
770,1.901845113787194,-1.2211614295465358,-0.13158400890173844
771,-0.28577172439201637,2.9653619714339157,2.8061962733840313
772,6.148924220493217,1.2734196603675803,1.547911237011995
773,-1.3301530006509026,-0.04821827098680446,-0.5151874975553342
774,0.0,0.0,0.0
775,-0.08171966433925644,1.49150285137567,-0.08171966433925644
776,1.5243654017434503,2.0809126262559787,2.401244189809599
777,-0.04056852880827352,4.515463451657407,-0.08952153181698895
778,0.5197889503896627,0.06511507596490759,0.02428648141157507
779,-0.058259848888436,-0.0547940473599334,-0.03986760129753049
780,0.5094980637044791,-0.9369134379259518,2.1537796122040613
781,4.754909604951503,5.754637196675379,7.782489481647097
782,4.1398512256414435,3.5250719182950996,0.8677654953749476
783,1.1974838158046057,-0.060354003826771835,1.857989106804729
784,0.47434097262023256,-0.0613699332447981,-0.12976028312595508
785,0.4320101609790375,0.5521810225586529,0.6960564896215939
786,1.6943150073024844,2.625308668617279,1.3467360726174662
787,0.7530603187627242,2.5239931036738574,-0.15479352278201014
788,5.107300684095907,3.948576986410267,0.9817638478342787
789,-0.18852246120653507,-0.298564463168368,-0.13121209554786187
790,-0.4000385867170762,-0.65034342642463,-0.05727668155760271
791,-0.02516057183750949,0.227203102010646,0.0
792,0.7058607963393415,5.0615339190411035,6.843047643920212
793,0.7383985651748938,1.6799790440622064,4.032629893228472
794,4.850359310590452,-0.20469784979934996,-0.1532033592744159
795,5.258217174724749,0.17189950534277357,-0.203059954860616
796,5.219946487251719,3.0042481581626412,11.199639398061773
797,5.270670333938626,-0.11359145800058032,0.8206661349891231
798,-0.0877745742645042,-0.026234065407102047,-0.05900005894421967
799,0.0,0.0,0.137055402348869
800,-1.4315135167159778,-1.475997813207609,-4.520056686833769
801,-0.05304426181272831,-0.07330656563501152,-0.05304426181272831
802,0.051569597483383404,0.051569597483383404,6.687629460137056
803,1.1452979823157403,0.7250767880408289,-0.1414895291484325
804,-1.1130063232904943,-3.8388056144981406,-0.06890620604228316
805,-0.2049658137908884,5.298270900291545,4.461650105441944
806,3.8222059128393253,-0.011479585942165823,-0.008343657293934098
807,0.30727928516089614,0.30727928516089614,0.0
808,-2.2658997638279375,-1.7844545600165689,-0.010035198113217257
809,2.1252036178155893,8.63446983309522,0.0
810,0.0,-0.02588955534428938,0.0
811,0.2364673061591281,3.250506776184075,4.465983476258762
812,3.1914183446005464,2.5996749593375585,2.6794886117971917
813,-5.383965542747417,-2.835452668764466,-0.5631154083562842
814,-0.9985113746146212,0.0,0.0
815,-1.6833030927722887,-0.04949379899912418,-0.031481766556942056
816,1.0508343402431415,2.7203053351540962,5.220130857937021
817,-0.011442520129818582,0.0,-0.0416007691144373
818,-0.007097661374362745,0.0,7.883664893899064
819,7.364681276432684,2.7027371155805504,1.8979160105536663
820,0.08582352388323918,-0.4295677783090579,-0.6548008843439287
821,0.7946837367334141,1.6287999653109837,-0.2928999859892923
822,-0.24199219390064483,5.250248837073366,5.289572392399256
823,1.0959424917896268,-0.04314092064855411,5.207058663658061
824,3.6713750808349115,0.0,0.0
825,0.8650109917922454,4.493826215810897,5.282766536372509
826,1.1240228944038555,-0.1293679826888292,2.3951972819213916
827,1.2134816723452226,0.0,-0.11208651717585401
828,0.0,0.09684276813027891,0.15213161958932928
829,2.189626483818722,2.5121174733676774,0.0
830,2.4137779163826134,0.06914933412207246,3.6516240978716477
831,1.1992709580914256,-0.7471455820984673,5.087631483514929
832,2.773533272636569,3.8037662178705283,5.685584482313234
833,5.22709356701689,0.0,0.0
834,-0.0924887230375292,-0.04788367674394646,-0.11501448676580686
835,1.0690372046373782,0.0,11.783370450950487
836,-0.6513485808952884,-0.1100214567088948,-0.1100214567088948
837,-0.8929092435646432,-1.3109410794210716,-0.21770539325524488
838,10.041277883335201,10.242131038463034,0.9547732776019979
839,-1.132712119011476,2.9889020637598125,2.7821266031677023
840,-0.10774048652985732,-0.24277069659027203,-0.4300283522820335
841,0.7269216891771302,-0.9499939867113035,-0.0629662911252034
842,-0.03986119200463081,-7.150926220633753,-0.039233603162381954
843,0.043762619800042896,0.04485836589361412,0.04485836589361412
844,0.6642234023272103,0.04580638907963736,6.248703539575403
845,1.179598108428694,0.009167362383582444,-0.11756425132690608
846,1.5167112135910097,5.414991438918029,7.381854112010615
847,-0.29069336280807007,-0.21530440450946461,-0.19890868195926284
848,0.06750606711167795,3.7184001935892175,4.539899188253839
849,5.2325850542680215,3.8538179073980854,0.40511049401632915
850,9.372108353671727,0.06811199239138813,4.273834159678888
851,7.457294778859381,1.3839064399236607,1.3635618889046939
852,4.6410473625890445,3.832093321879286,2.060889430259828
853,-0.9750275589854016,3.1312303162705906,-1.2182332249149386
854,-0.041377766642166455,-0.041377766642166455,-0.04229575264541577
855,0.14202955982962379,0.0,-0.03421678425886544
856,1.0233096082685857,5.8397906605263765,0.6076595567795001
857,-0.7704813146703313,-0.38022081052549084,-0.7661808610411855
858,4.438053304020054,0.20606618072908547,5.401283804313235
859,-0.2542933143608459,-0.24994695425014407,0.39451062800934655
860,-0.042293481485714754,0.39573540050075845,0.2369889428990182
861,2.511675027214055,1.547840829058735,-2.2278080646139005
862,-0.01062464423948697,-0.04030629331783846,-0.029601002155124137
863,6.318095861179789,0.23492819561699624,4.548018795477527
864,-0.3497867840464808,4.66015095722318,-0.033930608609220606
865,0.8046519911237465,8.140897707188753,3.578233808077782
866,-4.303613912617745,-4.359564113280239,0.72773744407374
867,-0.3013248938248208,5.265506364298658,0.9294577774041857
868,1.5110184474966473,1.2190298792056418,1.1704633867479892
869,-0.24477351954097815,5.621718916677209,-0.24477351954097815
870,0.3131593032327772,0.5258504355848894,-0.08640081525510304
871,-0.4248339800755411,-0.3166864123711287,-0.7586069950255587
872,0.2596746467816965,-0.43690497548413654,0.41958801217310365
873,1.8357810881368237,2.196036261835725,3.069761949137242
874,-0.15955369426137714,-0.15955369426137714,-0.15955369426137714
875,10.575026609958506,-0.11147941053437277,-1.6535353334044482
876,-0.050485791629024265,-0.02552878107212837,-0.3702614671723775
877,2.5258672731904652,-0.11125805164295624,-1.9439792599037071
878,-0.007490640512407591,-0.03512682991820858,-2.719178327200092
879,3.900546901188424,0.0,0.0
880,0.03937900219303963,0.03937900219303963,0.03937900219303963
881,3.923493183062034,3.071455961292359,-0.012075417903110956
882,-0.16206230009197237,-0.16206230009197237,0.0670877934241473
883,5.248964322398481,-0.6126819641234535,-0.23246474817577892
884,0.19157069911529923,0.19157069911529923,0.11525570152713335
885,3.5656673692575933,2.1068895432183106,-0.05784481876008906
886,-0.5888750520331385,1.7063820776226257,-0.09646936390624176
887,5.204872957430745,8.31893627363655,7.603854358918574
888,1.0852164238807454,2.567831290107865,2.337449527922292
889,2.400655896878993,9.700494578241178,0.05097559643254385
890,-0.030454306781996187,-0.0955449359040261,-0.14640007248923143
891,5.285927203504708,0.0,9.758765634350793
892,1.1705904954755908,4.218647205291748,0.0
